<?xml version="1.0" encoding="UTF-8"?>
<project-private xmlns="http://www.netbeans.org/ns/project-private/1">
    <editor-bookmarks xmlns="http://www.netbeans.org/ns/editor-bookmarks/2" lastBookmarkId="0"/>
    <open-files xmlns="http://www.netbeans.org/ns/projectui-open-files/2">
        <group>
            <file>file:/D:/Cafee/src/background/login.java</file>
            <file>file:/D:/Cafee/src/background/admin.java</file>
            <file>file:/D:/Cafee/src/background/coffe.java</file>
            <file>file:/D:/Cafee/src/background/cake.java</file>
            <file>file:/D:/Cafee/src/background/Run_Coffee_must_be.java</file>
            <file>file:/D:/Cafee/src/background/information.java</file>
            <file>file:/D:/Cafee/src/background/user.java</file>
            <file>file:/D:/Cafee/src/background/milktea.java</file>
        </group>
    </open-files>
</project-private>
